backend,nx,ny,n_steps,repeats,total_time_s,time_per_step_s,gridpoints_per_sec
cpu,100,100,100,3,0.009284,0.000092835,107717607.677
cpu,200,200,100,3,0.026786,0.000267858,149332668.979
opencl,100,100,100,3,0.081037,0.000810372,12340016.797
opencl,200,200,100,3,0.088160,0.000881599,45372102.281
